Codon	AA	Codon-AA
AAA	K	K-AAA
AAC	N	N-AAC
AAG	K	K-AAG
AAT	N	N-AAT
ACA	T	T-ACA
ACC	T	T-ACC
ACG	T	T-ACG
ACT	T	T-ACT
AGA	R	R-AGA
AGC	S	S-AGC
AGG	R	R-AGG
AGT	S	S-AGT
ATA	I	I-ATA
ATC	I	I-ATC
ATG	M	M-ATG
ATT	I	I-ATT
CAA	Q	Q-CAA
CAC	H	H-CAC
CAG	Q	Q-CAG
CAT	H	H-CAT
CCA	P	P-CCA
CCC	P	P-CCC
CCG	P	P-CCG
CCT	P	P-CCT
CGA	R	R-CGA
CGC	R	R-CGC
CGG	R	R-CGG
CGT	R	R-CGT
CTA	L	L-CTA
CTC	L	L-CTC
CTG	L	L-CTG
CTT	L	L-CTT
GAA	E	E-GAA
GAC	D	D-GAC
GAG	E	E-GAG
GAT	D	D-GAT
GCA	A	A-GCA
GCC	A	A-GCC
GCG	A	A-GCG
GCT	A	A-GCT
GGA	G	G-GGA
GGC	G	G-GGC
GGG	G	G-GGG
GGT	G	G-GGT
GTA	V	V-GTA
GTC	V	V-GTC
GTG	V	V-GTG
GTT	V	V-GTT
TAA	STOP	STOP-TAA
TAC	Y	Y-TAC
TAG	STOP	STOP-TAG
TAT	Y	Y-TAT
TCA	S	S-TCA
TCC	S	S-TCC
TCG	S	S-TCG
TCT	S	S-TCT
TGA	STOP	STOP-TGA
TGC	C	C-TGC
TGG	W	W-TGG
TGT	C	C-TGT
TTA	L	L-TTA
TTC	F	F-TTC
TTG	L	L-TTG
TTT	F	F-TTT
